{"cameraMode":{"drawMode":0,"name":"Shaded","section":"Shading Mode"},"sceneLighting":true,"audioPlay":false,"sceneViewState":{"showFog":true,"showMaterialUpdate":false,"showSkybox":true,"showFlares":true,"showImageEffects":true,"showParticleSystems":true},"in2DMode":false,"pivot":{"x":-11.843823432922364,"y":-1.7943865060806275,"z":4.880473613739014},"rotation":{"x":-0.46038225293159487,"y":0.1522659808397293,"z":-0.08049653470516205,"w":-0.8708522915840149},"size":10.0,"orthographic":false}